-- MySQL dump 10.13  Distrib 8.0.30, for Win64 (x86_64)
--
-- Host: 127.0.0.1    Database: route_planner
-- ------------------------------------------------------
-- Server version	8.0.30

/*!40101 SET @OLD_CHARACTER_SET_CLIENT=@@CHARACTER_SET_CLIENT */;
/*!40101 SET @OLD_CHARACTER_SET_RESULTS=@@CHARACTER_SET_RESULTS */;
/*!40101 SET @OLD_COLLATION_CONNECTION=@@COLLATION_CONNECTION */;
/*!50503 SET NAMES utf8mb4 */;
/*!40103 SET @OLD_TIME_ZONE=@@TIME_ZONE */;
/*!40103 SET TIME_ZONE='+00:00' */;
/*!40014 SET @OLD_UNIQUE_CHECKS=@@UNIQUE_CHECKS, UNIQUE_CHECKS=0 */;
/*!40014 SET @OLD_FOREIGN_KEY_CHECKS=@@FOREIGN_KEY_CHECKS, FOREIGN_KEY_CHECKS=0 */;
/*!40101 SET @OLD_SQL_MODE=@@SQL_MODE, SQL_MODE='NO_AUTO_VALUE_ON_ZERO' */;
/*!40111 SET @OLD_SQL_NOTES=@@SQL_NOTES, SQL_NOTES=0 */;

--
-- Table structure for table `activity`
--
create database route_planner;
use route_planner;
DROP TABLE IF EXISTS `activity`;
/*!40101 SET @saved_cs_client     = @@character_set_client */;
/*!50503 SET character_set_client = utf8mb4 */;
CREATE TABLE `activity` (
  `name` text,
  `attribute` int DEFAULT NULL
) ENGINE=InnoDB DEFAULT CHARSET=utf8mb4 COLLATE=utf8mb4_0900_ai_ci;
/*!40101 SET character_set_client = @saved_cs_client */;

--
-- Dumping data for table `activity`
--

LOCK TABLES `activity` WRITE;
/*!40000 ALTER TABLE `activity` DISABLE KEYS */;
INSERT INTO `activity` VALUES ('科技展览参观',1),('3D打印DIY工作坊',1),('VR游戏体验',1),('汽车科技展区参观',1),('机器人编程挑战',1),('传统文化体验活动',2),('踩高跷表演观看',2),('地藏庵参观',2),('发财树祈福活动',2),('月老神灯许愿仪式',2),('知识讲座：花卉养护知识',3),('盲人馆参观',3),('茶艺表演与品茶活动',3),('音乐会演出：花园音乐会系列',3),('夜间赏荷活动',3),('360度全景观光',4),('模拟飞行体验',4),('星空夜景餐厅用餐',4),('一日主播体验',4),('天空之城儿童探索乐园',4),('黄浦江夜游',5),('中国近代历史文化导览',5),('上海建筑文化之旅',5),('外滩美食文化之旅',5),('现场演出：外滩音乐节',5),('革命英雄事迹回顾展览',6),('党史文献阅读活动',6),('革命先烈纪念仪式',6),('文艺演出：爱国歌曲演唱会',6),('党史专家讲座',6),('上海金融博物馆参观',7),('上海环球金融中心观景',7),('营养健身训练活动',7),('品酒会',7),('小型商业沙龙活动',7),('商业会议',8),('文化交流活动',8),('主题展览',8),('行业论坛',8),('品牌发布会',8),('亲子游乐活动',9),('草坪野餐',9),('户外运动比赛（如马拉松、足球）',9),('健身舞活动',9),('花卉展览',9),('高端品牌购物',10),('豪华影城观影',10),('高楼观景',10),('世界美食品尝',10),('潮流时尚酒吧活动',10),('赏花摄影活动',11),('长者健康体验',11),('情侣约会活动',11),('儿童游乐场',11),('书法、绘画教学',11),('公园漫步',12),('露天音乐会',12),('水上娱乐活动',12),('儿童游乐场',12),('跑步锻炼活动',12),('手工艺品DIY',13),('茶艺体验',13),('美食文化之旅',13),('文化创意市集活动',13),('街头艺术表演',13),('古建筑参观',14),('河道游船',14),('民俗表演观赏',14),('传统手工艺品制作体验',14),('美食文化之旅',14),('购物休闲活动',15),('美食文化之旅',15),('文化创意市集活动',15),('现场演出：南京路音乐节',15),('高楼观景',15),('自然生态探索活动',16),('野餐游玩',16),('柔道体验',16),('儿童游乐场',16),('滑板运动挑战',16),('文物收藏展览参观',17),('历史文化讲解导览',17),('文化遗产保护讨论活动',17),('学术研究讲座',17),('现代艺术展览',17),('城市规划展览参观',18),('未来城市设计讲座',18),('城市规划书法绘画教学',18),('城市环境科技展览',18),('城市规划拍摄活动',18),('江景骑行活动',19),('摩托车游览',19),('极限运动挑战（如滑板、跳伞）',19),('夜间音乐会',19),('餐饮美食文化之旅',19),('主题乐园项目体验',20),('夜间烟火秀活动',20),('特色餐饮品尝',20),('卡通角色互动拍照',20),('儿童游乐场',20),('佛教文化导览',21),('佛教音乐会',21),('禅修静坐体验',21),('功德堂布施活动',21),('佛教哲学思考讨论',21),('伊斯兰文化导览',22),('穆斯林礼仪体验',22),('阿拉伯美食品尝',22),('先知纪念馆参观',22),('古兰经讲解',22),('基督教文化导览',23),('圣歌合唱活动',23),('红酒品尝活动',23),('教堂建筑参观',23),('宗教艺术展览',23),('历史文化考察活动',24),('文学写作讲座',24),('棋牌比赛',24),('童话剧演出',24),('儿童游乐场',24),('滨湖小游艇活动',25),('草地音乐会',25),('手工DIY活动',25),('美食文化之旅',25),('夜间赏荷活动',25),('文学讲座',26),('文学创作体验',26),('文学名著导读',26),('文学艺术展览',26),('鲁迅文化遗产保护论坛',26),('历史文化导览',27),('儿童游乐设施',27),('亲子DIY活动',27),('宋庆龄人物形象演绎',27),('传统绘画教学',27),('红色革命历史回顾展览',28),('革命英雄事迹讲解',28),('纪念活动仪式',28),('主题音乐会演出',28),('革命文化教育活动',28),('未来科技展览参观',29),('科技游戏体验',29),('国际文化交流活动',29),('环保教育讲座',29),('全球美食品尝',29),('绘画雕塑展览参观',30),('美术创作体验',30),('美术史文献阅读',30),('现代艺术名家讲座',30),('艺术品鉴赏评比',30),('图书、资料检索咨询服务',31),('学术研究讲座',31),('数字资源探索',31),('阅读推广活动',31),('视觉阅读艺术展览',31),('当代艺术展览参观',32),('创意设计工作坊',32),('设计师交流沙龙活动',32),('创业孵化项目推介',32),('文化创意市集活动',32),('电影场景拍摄体验',33),('影视特效制作工作坊',33),('演员表演体验',33),('影视剧集片场观摩',33),('电影文化讲座',33),('水上运动挑战（如冲浪、帆船）',34),('海岸线探险活动',34),('海洋生物观赏园参观',34),('海鲜美食品尝',34),('夜间音乐会',34),('游乐项目体验',35),('水上乐园设施',35),('儿童游乐场',35),('高空飞行挑战',35),('夜间灯光秀活',35);
/*!40000 ALTER TABLE `activity` ENABLE KEYS */;
UNLOCK TABLES;

--
-- Table structure for table `comment`
--

DROP TABLE IF EXISTS `comment`;
/*!40101 SET @saved_cs_client     = @@character_set_client */;
/*!50503 SET character_set_client = utf8mb4 */;
CREATE TABLE `comment` (
  `cid` bigint NOT NULL,
  `name` text NOT NULL,
  `sid` int NOT NULL,
  `content` text,
  `likes` int DEFAULT NULL,
  `time` datetime DEFAULT NULL,
  PRIMARY KEY (`cid`)
) ENGINE=InnoDB DEFAULT CHARSET=utf8mb4 COLLATE=utf8mb4_0900_ai_ci;
/*!40101 SET character_set_client = @saved_cs_client */;

--
-- Dumping data for table `comment`
--

LOCK TABLES `comment` WRITE;
/*!40000 ALTER TABLE `comment` DISABLE KEYS */;
INSERT INTO `comment` VALUES (1622175807059267584,'np123',1,'很不错',2,'2023-04-08 00:23:24'),(1622175835354042368,'admin',1,'everver',2,'2023-04-08 00:23:24'),(1622175837895790592,'np123',2,'erverv',2,'2023-04-08 00:23:24'),(1622175839275716608,'admin',2,'erverber',2,'2023-04-08 00:23:24'),(1622175840655642624,'np123',3,'berb',2,'2023-04-08 00:23:24'),(1622175843977531392,'admin',3,'erberberbe',2,'2023-04-08 00:23:24'),(1622176229627006976,'admin',3,'rberb',2,'2023-04-08 00:23:24'),(1622954288307245056,'admin',1,'23t234t',0,'0000-00-00 00:00:00'),(1622954403289894912,'admin',1,'评论测试！！！',0,'0000-00-00 00:00:00'),(1622954867771314176,'NP123',1,'评论！',0,'2023-02-07 21:46:08'),(1622954952584335360,'NP123',2,'好好哈',0,'2023-02-07 21:46:28'),(1622955030929739776,'NP123',2,'刷新测试',0,'2023-02-07 21:46:47'),(1622955062928084992,'NP123',3,'加油\n！',0,'2023-02-07 21:46:55'),(1623211719859900416,'测试用户',1,'很好!',0,'2023-02-08 14:46:46'),(1623211764080447488,'测试用户',2,'哈哈哈哈哈',0,'2023-02-08 14:46:57'),(1623227025835692032,'NP123',1,'qefg4g54j65j',0,'2023-02-08 15:47:36'),(1623227613709340672,'admin',1,'达瓦达瓦达瓦',0,'2023-02-08 15:49:56'),(1623227701043138560,'admin',2,'很好很好',0,'2023-02-08 15:50:17'),(1623245358513524736,'admin',2,'123',0,'2023-02-08 17:00:27'),(1623589122163609600,'test',1,'segrshtdn',0,'2023-02-09 15:46:26'),(1623591290836881408,'npneo',1,'啊啊啊啊',0,'2023-02-09 15:55:03'),(1624679597205360640,'zzz',1,'dawdwada',0,'2023-02-12 15:59:36');
/*!40000 ALTER TABLE `comment` ENABLE KEYS */;
UNLOCK TABLES;

--
-- Table structure for table `price`
--

DROP TABLE IF EXISTS `price`;
/*!40101 SET @saved_cs_client     = @@character_set_client */;
/*!50503 SET character_set_client = utf8mb4 */;
CREATE TABLE `price` (
  `sid` int DEFAULT NULL,
  `aimed` text,
  `price` float DEFAULT NULL
) ENGINE=InnoDB DEFAULT CHARSET=utf8mb4 COLLATE=utf8mb4_0900_ai_ci;
/*!40101 SET character_set_client = @saved_cs_client */;

--
-- Dumping data for table `price`
--

LOCK TABLES `price` WRITE;
/*!40000 ALTER TABLE `price` DISABLE KEYS */;
INSERT INTO `price` VALUES (1,'学生',4.99),(1,'成人',5.8),(2,'成人',10),(3,'学生',20),(3,'老师',30),(3,'教授',15),(3,'儿童',2),(4,'成人票',45),(4,'学生票',22),(4,'老年票',37),(6,'成人大门票',15),(6,'成人联票(含大门票及售票专类园)',40),(6,'儿童大门票',7.5),(6,'童联票(含大门票及售票专类园)',20),(7,'巅峰票：成人票',220),(7,'巅峰票：儿童票',110),(7,'速通票：成人票',299),(7,'速通票：儿童票',199),(7,'超值票：成人票',199),(7,'超值票：儿童票',99),(7,'至尊VIP套票',399),(8,'外滩轮渡',2),(8,'外滩观光隧道单程票成人票',45),(9,'免费',0),(10,'免费',0),(11,'免费',0),(12,'免费',0),(13,'免费',0),(14,'免费',0),(15,'免费',0),(16,'免费',0),(17,'免费',0),(18,'免费',0),(19,'免费',0),(20,'乐园美食套餐门票',407.8),(20,'标准票',399),(20,'儿童/老年人票',299),(20,'二日标准票',808),(20,'二日儿童/老年人票',605);
/*!40000 ALTER TABLE `price` ENABLE KEYS */;
UNLOCK TABLES;

--
-- Table structure for table `rating`
--

DROP TABLE IF EXISTS `rating`;
/*!40101 SET @saved_cs_client     = @@character_set_client */;
/*!50503 SET character_set_client = utf8mb4 */;
CREATE TABLE `rating` (
  `name` text,
  `rate` json DEFAULT NULL
) ENGINE=InnoDB DEFAULT CHARSET=utf8mb4 COLLATE=utf8mb4_0900_ai_ci;
/*!40101 SET character_set_client = @saved_cs_client */;

--
-- Dumping data for table `rating`
--

LOCK TABLES `rating` WRITE;
/*!40000 ALTER TABLE `rating` DISABLE KEYS */;
INSERT INTO `rating` VALUES ('user1','{\"name\": \"user1\", \"rates\": [{\"sid\": 2, \"rate\": 39}, {\"sid\": 6, \"rate\": 51}, {\"sid\": 8, \"rate\": 45}, {\"sid\": 11, \"rate\": 52}, {\"sid\": 14, \"rate\": 48}, {\"sid\": 17, \"rate\": 37}, {\"sid\": 18, \"rate\": 44}, {\"sid\": 28, \"rate\": 51}, {\"sid\": 27, \"rate\": 42}, {\"sid\": 26, \"rate\": 51}]}'),('user2','{\"name\": \"user2\", \"rates\": [{\"sid\": 3, \"rate\": 59}, {\"sid\": 9, \"rate\": 58}, {\"sid\": 10, \"rate\": 54}, {\"sid\": 11, \"rate\": 63}, {\"sid\": 12, \"rate\": 59}, {\"sid\": 13, \"rate\": 55}, {\"sid\": 16, \"rate\": 65}, {\"sid\": 19, \"rate\": 57}, {\"sid\": 34, \"rate\": 43}, {\"sid\": 25, \"rate\": 53}, {\"sid\": 24, \"rate\": 67}, {\"sid\": 8, \"rate\": 7}]}'),('user3','{\"name\": \"user3\", \"rates\": [{\"sid\": 1, \"rate\": 56}, {\"sid\": 2, \"rate\": 40}, {\"sid\": 5, \"rate\": 40}, {\"sid\": 6, \"rate\": 50}, {\"sid\": 7, \"rate\": 44}, {\"sid\": 14, \"rate\": 59}, {\"sid\": 15, \"rate\": 42}, {\"sid\": 17, \"rate\": 52}, {\"sid\": 18, \"rate\": 57}, {\"sid\": 31, \"rate\": 67}, {\"sid\": 29, \"rate\": 57}, {\"sid\": 23, \"rate\": 73}, {\"sid\": 22, \"rate\": 60}, {\"sid\": 21, \"rate\": 65}]}'),('user4','{\"name\": \"user4\", \"rates\": [{\"sid\": 8, \"rate\": 38}, {\"sid\": 9, \"rate\": 43}, {\"sid\": 10, \"rate\": 40}, {\"sid\": 11, \"rate\": 38}, {\"sid\": 12, \"rate\": 47}, {\"sid\": 13, \"rate\": 33}, {\"sid\": 29, \"rate\": 42}, {\"sid\": 30, \"rate\": 27}, {\"sid\": 32, \"rate\": 37}]}'),('user5','{\"name\": \"user5\", \"rates\": [{\"sid\": 1, \"rate\": 51}, {\"sid\": 3, \"rate\": 41}, {\"sid\": 4, \"rate\": 55}, {\"sid\": 5, \"rate\": 41}, {\"sid\": 7, \"rate\": 56}, {\"sid\": 15, \"rate\": 47}, {\"sid\": 16, \"rate\": 54}, {\"sid\": 19, \"rate\": 50}, {\"sid\": 20, \"rate\": 60}, {\"sid\": 35, \"rate\": 43}, {\"sid\": 33, \"rate\": 55}, {\"sid\": 31, \"rate\": 47}, {\"sid\": 30, \"rate\": 54}]}'),('user6','{\"name\": \"user6\", \"rates\": [{\"sid\": 11, \"rate\": 61}, {\"sid\": 6, \"rate\": 45}, {\"sid\": 8, \"rate\": 39}, {\"sid\": 2, \"rate\": 53}, {\"sid\": 14, \"rate\": 39}, {\"sid\": 17, \"rate\": 56}, {\"sid\": 7, \"rate\": 42}, {\"sid\": 1, \"rate\": 66}, {\"sid\": 29, \"rate\": 29}, {\"sid\": 21, \"rate\": 41}]}'),('user7','{\"name\": \"user7\", \"rates\": [{\"sid\": 2, \"rate\": 39}, {\"sid\": 6, \"rate\": 26}, {\"sid\": 8, \"rate\": 41}, {\"sid\": 11, \"rate\": 34}, {\"sid\": 14, \"rate\": 27}, {\"sid\": 17, \"rate\": 39}, {\"sid\": 3, \"rate\": 28}, {\"sid\": 31, \"rate\": 48}, {\"sid\": 35, \"rate\": 26}, {\"sid\": 21, \"rate\": 37}]}'),('user8','{\"name\": \"user8\", \"rates\": [{\"sid\": 1, \"rate\": 46}, {\"sid\": 2, \"rate\": 43}, {\"sid\": 5, \"rate\": 50}, {\"sid\": 7, \"rate\": 39}, {\"sid\": 15, \"rate\": 54}, {\"sid\": 18, \"rate\": 42}, {\"sid\": 8, \"rate\": 38}]}'),('user9','{\"name\": \"user9\", \"rates\": [{\"sid\": 1, \"rate\": 54}, {\"sid\": 3, \"rate\": 43}, {\"sid\": 4, \"rate\": 20}, {\"sid\": 5, \"rate\": 51}, {\"sid\": 7, \"rate\": 58}, {\"sid\": 15, \"rate\": 44}, {\"sid\": 16, \"rate\": 62}, {\"sid\": 19, \"rate\": 54}, {\"sid\": 20, \"rate\": 48}, {\"sid\": 32, \"rate\": 30}, {\"sid\": 30, \"rate\": 40}, {\"sid\": 26, \"rate\": 60}]}'),('user10','{\"name\": \"user10\", \"rates\": [{\"sid\": 9, \"rate\": 59}, {\"sid\": 11, \"rate\": 53}, {\"sid\": 12, \"rate\": 63}, {\"sid\": 16, \"rate\": 52}, {\"sid\": 19, \"rate\": 61}, {\"sid\": 20, \"rate\": 53}, {\"sid\": 30, \"rate\": 10}, {\"sid\": 13, \"rate\": 18}, {\"sid\": 35, \"rate\": 11}]}'),('user11','{\"name\": \"user11\", \"rates\": [{\"sid\": 9, \"rate\": 29}, {\"sid\": 12, \"rate\": 23}, {\"sid\": 13, \"rate\": 41}, {\"sid\": 8, \"rate\": 34}, {\"sid\": 18, \"rate\": 23}, {\"sid\": 26, \"rate\": 77}, {\"sid\": 28, \"rate\": 65}, {\"sid\": 5, \"rate\": 23}, {\"sid\": 7, \"rate\": 18}, {\"sid\": 15, \"rate\": 32}]}'),('user12','{\"name\": \"user12\", \"rates\": [{\"sid\": 8, \"rate\": 60}, {\"sid\": 9, \"rate\": 54}, {\"sid\": 10, \"rate\": 66}, {\"sid\": 11, \"rate\": 57}, {\"sid\": 12, \"rate\": 65}, {\"sid\": 13, \"rate\": 54}, {\"sid\": 20, \"rate\": 13}]}'),('user13','{\"name\": \"user13\", \"rates\": [{\"sid\": 2, \"rate\": 55}, {\"sid\": 6, \"rate\": 43}, {\"sid\": 8, \"rate\": 56}, {\"sid\": 11, \"rate\": 45}, {\"sid\": 14, \"rate\": 58}, {\"sid\": 17, \"rate\": 44}, {\"sid\": 18, \"rate\": 30}, {\"sid\": 3, \"rate\": 73}, {\"sid\": 10, \"rate\": 30}, {\"sid\": 9, \"rate\": 55}, {\"sid\": 12, \"rate\": 39}, {\"sid\": 19, \"rate\": 68}]}'),('user14','{\"name\": \"user14\", \"rates\": [{\"sid\": 1, \"rate\": 59}, {\"sid\": 3, \"rate\": 43}, {\"sid\": 4, \"rate\": 65}, {\"sid\": 5, \"rate\": 48}, {\"sid\": 7, \"rate\": 61}, {\"sid\": 15, \"rate\": 38}, {\"sid\": 16, \"rate\": 70}, {\"sid\": 19, \"rate\": 52}, {\"sid\": 20, \"rate\": 63}, {\"sid\": 9, \"rate\": 46}, {\"sid\": 10, \"rate\": 60}]}'),('user15','{\"name\": \"user15\", \"rates\": [{\"sid\": 8, \"rate\": 65}, {\"sid\": 9, \"rate\": 40}, {\"sid\": 10, \"rate\": 54}, {\"sid\": 11, \"rate\": 31}, {\"sid\": 12, \"rate\": 64}, {\"sid\": 13, \"rate\": 46}, {\"sid\": 19, \"rate\": 42}, {\"sid\": 20, \"rate\": 60}]}'),('user16','{\"name\": \"user16\", \"rates\": [{\"sid\": 2, \"rate\": 67}, {\"sid\": 6, \"rate\": 51}, {\"sid\": 11, \"rate\": 61}, {\"sid\": 17, \"rate\": 44}, {\"sid\": 18, \"rate\": 69}, {\"sid\": 19, \"rate\": 55}, {\"sid\": 5, \"rate\": 22}, {\"sid\": 32, \"rate\": 23}, {\"sid\": 30, \"rate\": 17}]}'),('user17','{\"name\": \"user17\", \"rates\": [{\"sid\": 4, \"rate\": 71}, {\"sid\": 15, \"rate\": 52}, {\"sid\": 16, \"rate\": 62}, {\"sid\": 1, \"rate\": 81}, {\"sid\": 19, \"rate\": 53}, {\"sid\": 6, \"rate\": 70}]}'),('user18','{\"name\": \"user18\", \"rates\": [{\"sid\": 3, \"rate\": 30}, {\"sid\": 7, \"rate\": 42}, {\"sid\": 16, \"rate\": 19}, {\"sid\": 6, \"rate\": 35}]}'),('user19','{\"name\": \"user19\", \"rates\": [{\"sid\": 3, \"rate\": 46}, {\"sid\": 7, \"rate\": 33}, {\"sid\": 15, \"rate\": 43}, {\"sid\": 16, \"rate\": 34}, {\"sid\": 20, \"rate\": 57}, {\"sid\": 1, \"rate\": 47}, {\"sid\": 29, \"rate\": 34}, {\"sid\": 30, \"rate\": 42}, {\"sid\": 32, \"rate\": 32}]}'),('user20','{\"name\": \"user20\", \"rates\": [{\"sid\": 9, \"rate\": 32}, {\"sid\": 12, \"rate\": 54}, {\"sid\": 16, \"rate\": 54}, {\"sid\": 15, \"rate\": 49}, {\"sid\": 20, \"rate\": 79}, {\"sid\": 35, \"rate\": 66}, {\"sid\": 33, \"rate\": 55}, {\"sid\": 31, \"rate\": 64}, {\"sid\": 30, \"rate\": 60}, {\"sid\": 18, \"rate\": 5}]}'),('user21','{\"name\": \"user21\", \"rates\": [{\"sid\": 28, \"rate\": 51}, {\"sid\": 27, \"rate\": 41}, {\"sid\": 18, \"rate\": 57}, {\"sid\": 17, \"rate\": 46}, {\"sid\": 14, \"rate\": 52}, {\"sid\": 11, \"rate\": 46}, {\"sid\": 8, \"rate\": 44}]}'),('user22','{\"name\": \"user22\", \"rates\": [{\"sid\": 34, \"rate\": 40}, {\"sid\": 25, \"rate\": 47}, {\"sid\": 24, \"rate\": 28}, {\"sid\": 19, \"rate\": 39}, {\"sid\": 16, \"rate\": 45}, {\"sid\": 13, \"rate\": 45}, {\"sid\": 9, \"rate\": 24}, {\"sid\": 3, \"rate\": 42}, {\"sid\": 29, \"rate\": 55}]}'),('user23','{\"name\": \"user23\", \"rates\": [{\"sid\": 31, \"rate\": 60}, {\"sid\": 29, \"rate\": 52}, {\"sid\": 23, \"rate\": 62}, {\"sid\": 22, \"rate\": 53}, {\"sid\": 21, \"rate\": 58}, {\"sid\": 18, \"rate\": 50}, {\"sid\": 17, \"rate\": 63}, {\"sid\": 15, \"rate\": 45}, {\"sid\": 14, \"rate\": 69}, {\"sid\": 7, \"rate\": 41}, {\"sid\": 24, \"rate\": 54}]}'),('user24','{\"name\": \"user24\", \"rates\": [{\"sid\": 32, \"rate\": 31}, {\"sid\": 29, \"rate\": 23}, {\"sid\": 30, \"rate\": 35}, {\"sid\": 13, \"rate\": 22}, {\"sid\": 12, \"rate\": 41}, {\"sid\": 11, \"rate\": 19}, {\"sid\": 10, \"rate\": 34}, {\"sid\": 8, \"rate\": 63}]}'),('user25','{\"name\": \"user25\", \"rates\": [{\"sid\": 35, \"rate\": 62}, {\"sid\": 33, \"rate\": 36}, {\"sid\": 31, \"rate\": 71}, {\"sid\": 30, \"rate\": 47}, {\"sid\": 19, \"rate\": 59}, {\"sid\": 20, \"rate\": 31}, {\"sid\": 4, \"rate\": 61}, {\"sid\": 1, \"rate\": 41}, {\"sid\": 24, \"rate\": 52}]}'),('user26','{\"name\": \"user26\", \"rates\": [{\"sid\": 25, \"rate\": 57}, {\"sid\": 13, \"rate\": 47}, {\"sid\": 19, \"rate\": 53}, {\"sid\": 34, \"rate\": 42}, {\"sid\": 9, \"rate\": 64}, {\"sid\": 29, \"rate\": 47}, {\"sid\": 32, \"rate\": 58}]}'),('user27','{\"name\": \"user27\", \"rates\": [{\"sid\": 27, \"rate\": 50}, {\"sid\": 2, \"rate\": 36}, {\"sid\": 6, \"rate\": 60}, {\"sid\": 17, \"rate\": 41}, {\"sid\": 30, \"rate\": 56}]}'),('user28','{\"name\": \"user28\", \"rates\": [{\"sid\": 16, \"rate\": 63}, {\"sid\": 11, \"rate\": 51}, {\"sid\": 12, \"rate\": 43}, {\"sid\": 3, \"rate\": 71}, {\"sid\": 25, \"rate\": 55}, {\"sid\": 34, \"rate\": 65}, {\"sid\": 29, \"rate\": 48}, {\"sid\": 32, \"rate\": 61}]}'),('user29','{\"name\": \"user29\", \"rates\": [{\"sid\": 32, \"rate\": 69}, {\"sid\": 13, \"rate\": 44}, {\"sid\": 11, \"rate\": 59}, {\"sid\": 8, \"rate\": 48}, {\"sid\": 22, \"rate\": 71}, {\"sid\": 23, \"rate\": 50}, {\"sid\": 29, \"rate\": 64}, {\"sid\": 15, \"rate\": 40}]}'),('user30','{\"name\": \"user30\", \"rates\": [{\"sid\": 6, \"rate\": 59}, {\"sid\": 11, \"rate\": 69}, {\"sid\": 17, \"rate\": 45}, {\"sid\": 26, \"rate\": 65}, {\"sid\": 10, \"rate\": 53}, {\"sid\": 30, \"rate\": 72}, {\"sid\": 35, \"rate\": 49}]}'),('user31','{\"name\": \"user31\", \"rates\": [{\"sid\": 18, \"rate\": 63}, {\"sid\": 26, \"rate\": 44}, {\"sid\": 27, \"rate\": 56}, {\"sid\": 6, \"rate\": 38}, {\"sid\": 29, \"rate\": 67}, {\"sid\": 30, \"rate\": 47}, {\"sid\": 7, \"rate\": 66}]}'),('user32','{\"name\": \"user32\", \"rates\": [{\"sid\": 19, \"rate\": 32}, {\"sid\": 24, \"rate\": 41}, {\"sid\": 34, \"rate\": 21}, {\"sid\": 9, \"rate\": 29}, {\"sid\": 13, \"rate\": 39}, {\"sid\": 30, \"rate\": 24}]}'),('user33','{\"name\": \"user33\", \"rates\": [{\"sid\": 3, \"rate\": 55}, {\"sid\": 35, \"rate\": 30}, {\"sid\": 33, \"rate\": 46}, {\"sid\": 20, \"rate\": 35}]}'),('user34','{\"name\": \"user34\", \"rates\": [{\"sid\": 30, \"rate\": 36}, {\"sid\": 24, \"rate\": 30}, {\"sid\": 26, \"rate\": 43}, {\"sid\": 28, \"rate\": 28}, {\"sid\": 27, \"rate\": 36}]}'),('user35','{\"name\": \"user35\", \"rates\": [{\"sid\": 9, \"rate\": 59}, {\"sid\": 7, \"rate\": 44}, {\"sid\": 17, \"rate\": 71}, {\"sid\": 6, \"rate\": 50}, {\"sid\": 35, \"rate\": 8}]}');
/*!40000 ALTER TABLE `rating` ENABLE KEYS */;
UNLOCK TABLES;

--
-- Table structure for table `sites`
--

DROP TABLE IF EXISTS `sites`;
/*!40101 SET @saved_cs_client     = @@character_set_client */;
/*!50503 SET character_set_client = utf8mb4 */;
CREATE TABLE `sites` (
  `sid` int NOT NULL,
  `sname` text,
  `description` text,
  `pic` text,
  `website` text,
  PRIMARY KEY (`sid`)
) ENGINE=InnoDB DEFAULT CHARSET=utf8mb4 COLLATE=utf8mb4_0900_ai_ci;
/*!40101 SET character_set_client = @saved_cs_client */;

--
-- Dumping data for table `sites`
--

LOCK TABLES `sites` WRITE;
/*!40000 ALTER TABLE `sites` DISABLE KEYS */;
INSERT INTO `sites` VALUES (1,'上海科技馆','位于中国上海市浦东新区世纪大道2000号，花木行政文化中心区，世纪广场西侧，南邻世纪公园。国家5A级 景区。主馆占地面积6.8万多平方米，建筑面积9.8万平方米，分为11个风格各异的主题展区、4个高科技特种影院、3个古今中外科学家及其足迹的艺术长廊、2个主题特展和若干个临时展厅，它们共同为四方游客生动地演绎着\"自然、人、科技\"的永恒话题。','http://20.89.130.136:8080/images/上海科技馆.jpg','http://www.quanjingke.com/jq/m/411'),(2,'城隍庙','位于上海市黄浦区方浜中路，地铁十、十四号线途经。国家4A级旅游景区，为“长江三大庙”之一 。城隍庙殿堂建筑属南方大式建筑，红墙泥瓦，庙内主体建筑由庙前广场、大殿、元辰殿，财神殿、慈航殿、城隍殿、娘娘殿组成。现门前存有1535年所建的牌坊，戏台为1865年建。','http://20.89.130.136:8080/images/城隍庙.jpg','http://www.quanjingke.com/jq/m/67'),(3,'上海植物园','位于徐汇区。国家4A级景区。园区分为展览区和绿化种植区，展览区建有植物进化区、环境保护区、人工生 态区、绿化示范区4个展出区和黄道婆庙游览区，各区下分以专类植物为主景的若干小区，配以园林建筑小品。园区主要收集引种长江中 下游野生植物，共收集活植物3500余种，6000多个品种。','http://20.89.130.136:8080/images/上海植物园.jpg','http://www.quanjingke.com/jq/m/416'),(4,'东方明珠','位于上海市浦东新区陆家嘴世纪大道1号，地处黄浦江畔，地铁二、十、十四号线途经。国家5A级景区，背拥陆家嘴地区现代化建筑楼群，与隔江的外滩万国建筑博览群交相辉映，是集都市观光、时尚餐饮、购物娱乐、历史陈列、浦江游览、会展演出、广播电视发射等多功能于一体的上海市标志性建筑之一。','http://20.89.130.136:8080/images/东方明珠.jpg','http://www.quanjingke.com/jq/m/103'),(5,'外滩','上海外滩，北起外白渡桥，南至延安东路，全程大约1.5公里，东边毗邻黄浦江，西侧与浦东金融中心陆家嘴隔江而对，是感受中国历史沧海桑田之变化的都市游览胜地。黄浦江从城市中心蜿蜒流过，东侧是有“万国博览建筑群”之称的旧上海建筑，是旧上海城市历史的见证；西侧为现代上海的地标建筑：金茂大厦、东方明珠、上海环球金融中心、上海中心大厦等，是中国现代化建设与改革开放成果的缩影。漫步外滩，我们可以感受到上海这座国际化大都市的历史与发展，更能体会到祖国在世界东方崛起带来的风云变幻。白天游览外滩可以从外白渡桥出发，一路游览万国博览建筑群。外白渡桥本身也是著名的景点。这是一座简支钢桁架桥，同时也是一座全钢结构铆接桥梁和不等高桁架结构桥梁，有两孔。外白渡桥上部结构为下承式简支铆接钢珩架，下部木桩基础钢筋混凝土桥台和混凝土空心薄板桥墩桥支撑着上部下承式筒支铆接钢桁架，下部结构为木桩基础钢筋混凝土桥台和混凝土空心薄板桥墩。外白渡桥同时也是中国的第一座全钢结构铆接桥梁和仅存的不等高桁架结构桥梁自19世纪40年代租界被英法等国抢占后，外滩便成了一个主权区，西方列强以他们的方式经营、管理、建设租界，当商行、金融企业在外滩占有一席之地后，即大兴土木，营建公司大楼，而外滩的建筑大多也经过三次或三次以上的重建。20世纪，由于建筑技术的发展和经济实力的增长，外滩出现了多层和高层建筑，式样五花八门，诸如英国古典式、英国新古典式、英国文艺复兴式亚细亚大楼（原上海冶金设计院）、上海总会（今东风饭店）、浦发银行大楼（原汇丰银行大楼）、恰和大楼（今外贸局大楼）等，还有法国古典式、法国大住宅式、哥特式、巴洛克式、近代西方式、东印度式、折中主义式、中西掺合式等，呈现世界各国建筑共存的局面。因而，北起苏州河外白渡桥，南至中山东一路金陵东路的这一片建筑群，被誉为“万国建筑博览”。这些古典主义与现代主义并存的建筑，已成为了上海的象征。','http://20.89.130.136:8080/images/外滩.jpg','http://www.quanjingke.com/jq/m/508'),(6,'中共一大纪念馆','中共一大会址地处上海原法租界望志路106号（今兴业路76号），属典型上海石库门风格建筑，建于1920年秋。1921年7月23日，中国共产党第一次全国代表大会在此召开。中国共产党第一次全国代表大会通过了中国共产党的第一个纲领和第一个决议，选举产生了中央领导机构，宣告了中国共产党的诞生。1952年9月，中共一大会址修复，建立纪念馆并对外开放。1961年3月，国务院公布中共一大会址为全国重点文物保护单位。2017年10月31日，习近平总书记带领中央政治局常委集体瞻仰中共一大会址并在宣誓大厅庄严宣誓，回顾建党历史，重温入党誓词，宣示新一届党中央领导集体的坚定政治信念。中共一大会址原楼于民国九年（1920年）夏秋间建，与左右紧邻4幢同类房屋同时建成，属贝勒路树德里（今黄陂南路374弄）一部分。为上海典型石库门式样建筑，外墙青红砖交错，镶嵌白色粉线，门楣有矾红色雕花，黑漆大门上配铜环，门框围以米黄色石条，门楣上部有拱形堆塑花饰。“中国共产党创建历史文物陈列”由三部分内容组成：中国党成立的历史背景；中国共产党早期组织的成立及其活动；中国共产党第一次全国代表大会召开的全过程。陈列室内还按照历史资料开辟了一个蜡像室，形象地刻画出当年出席中共“一大”会议的15位出席者（包括2位共产国际代表）围桌而坐、热烈讨论的生动场景。栩栩如生的蜡像人物增强了陈列的直观性和历史感染力，成为参观中的新热点。','http://20.89.130.136:8080/images/中共一大纪念馆.jpg','https://360.zgyd1921.com/project/57/index1.html?content=0&&startscene=0&startactions=lookat(-291.47,88.21,149.4,0.91,0);'),(7,'陆家嘴','地处上海市区中部，位于上海市浦东新区的黄浦江畔，地铁二号线、十四号线途经。两面环水，西面隔江与外滩 万国建筑博览群相望，北面隔江眺望北外滩。陆家嘴是上海国际金融中心的核心功能区，为多家跨国银行的中国（含港澳台）及东亚总部所在地。陆家嘴境内有东方明珠广播电视塔、上海中心大厦、上海环球金融中心、上海金茂大厦等现代化建筑群。','http://20.89.130.136:8080/images/陆家嘴.jpg','http://www.quanjingke.com/jq/m/1279'),(8,'上海国际会议中心','地处陆家嘴金融贸易中心，毗邻东方明珠电视塔，与外滩万国建筑群隔江相望，被评为建国五十年十 大经典建筑之一，素以举办大型国际会议、商务论坛而蜚声海内外。','http://20.89.130.136:8080/images/上海国际会议中心.jpg','http://www.quanjingke.com/jq/m/409'),(9,'上海人民公园','上海人民公园地处黄浦区，位于上海市中心，主园门位于南京西路231号。园内有南极石、张思德雕像和五卅纪念碑成为青少年爱国主义教育的标志，还设有艺术馆、迷你但齐全的\"欢乐谷\"，北面有国际饭店、大光明电影院等古董老建筑，南面隔着人民广场是摩天楼组成的城市新兴天际线。','http://20.89.130.136:8080/images/上海人民公园.jpg','http://www.quanjingke.com/jq/m/413'),(10,'上海世纪广场','位于浦东新区世纪大道南道，是上海最大的露天广场，也是唯一一个以时间为主题的雕塑景观广场。广场 整体建筑主要体现\"世纪之光\"这一主题。广场的入口是以日晷为原形设计的大型景观雕塑\"东方之光\"，突出跨世纪的时间主题，是雕塑艺术语言与现代高科技建筑语言的完美结合。','http://20.89.130.136:8080/images/上海世纪广场.jpg','http://www.quanjingke.com/jq/m/411'),(11,'上海中山公园','位于长宁区中心，地铁二、三、四号线途经，附近有来福士、龙之梦等大商场。1941年为纪念孙中山先生 而得名。公园以英国式自然造园风格为主，融中国园林艺术之精华，中西合壁，风格独特，是上海原有景观风格保持最为完整的老公园。','http://20.89.130.136:8080/images/上海中山公园.jpg','http://www.quanjingke.com/jq/m/668'),(12,'世纪公园','位于浦东新区，地铁二、十八号线途经，邻近上海科技馆。大型城市生态公园，国家4A级旅游景区。公园以大 面积草坪、森林、湖泊为主体，体现了东西方园林艺术与自然的融洽，划分为7个区域：湖滨区、观景区、疏林草坪区、鸟类保护区、乡 土田园区、异国园区以及迷你高尔夫球场区。','http://20.89.130.136:8080/images/世纪公园.jpg','http://www.quanjingke.com/jq/m/447'),(13,'田子坊','田子坊位于中国上海市泰康路210弄。泰康路是打浦桥地区的一条小街，1998年前这里还是一个马路集市，自1998年9月区政府实施马路集市入室后，把泰康路的路面进行重新铺设，使原来下雨一地泥、天晴一片尘的马路焕然一新。曾经拥挤平常的田 子坊弄堂抹上了苏荷SOHO的色彩，宛如上海市著名的荣乐东路一样，变身成为现代创意聚集地，增添了人文艺术气息。国家3A级别景区，由上海最具特色的石库门里弄演变而来，是时尚地标性创业产业聚集区','http://20.89.130.136:8080/images/田子坊.jpg','http://www.quanjingke.com/jq/m/1117'),(14,'朱家角古镇','位于青浦区，地铁十七号线途经。东靠虹桥国际机场，北连昆山，南接嘉兴，西通平望，淀山湖下游、黄金 水道漕港河穿镇而过。镇内河港纵横，九条长街沿河而伸，千栋明清建筑依水而立，36座石桥古风犹存，名胜古迹比比皆是。1991年被上海市政府命名为首批四大文化名镇之一。','http://20.89.130.136:8080/images/朱家角古镇.jpg','http://www.quanjingke.com/jq/m/717'),(15,'南京路步行街','位于黄浦区，素有“中华商业第一街”之誉，东起外滩，西至静安寺与延安西路交汇，全长5.5公里，两侧商厦鳞次栉比，云集着约600多家商店，各地的名、特、优、新产品，以及进口的名牌商品，不下数十万种。几家老字号特色商店的商品，尤为名声卓著。','http://20.89.130.136:8080/images/南京路步行街.jpg','http://www.quanjingke.com/jq/m/340'),(16,'南园公园','系闽南同乡会泉漳会馆旧址，曾是中国共产党的地下活动场所，内有各种建筑及茔地。','http://20.89.130.136:8080/images/南园公园.jpg','http://www.quanjingke.com/jq/m/350'),(17,'上海博物馆','位于上海市黄浦区人民大道201号，陈列面积共计12000平方米，一楼为中国古代青铜馆、中国古代雕塑馆和展览大厅；二楼为中国古代陶瓷馆、暂得楼陶瓷馆和展览厅；三楼为中国历代书法馆、中国历代绘画馆、中国历代玺印馆；四楼为中国古代玉器馆、中国历代钱币馆、中国明清家具馆、中国少数民族工艺馆和展览厅，是综合性博物馆。','http://20.89.130.136:8080/images/上海博物馆.jpg','http://www.quanjingke.com/jq/m/407'),(18,'上海城市规划馆','位于上海市黄浦区人民大道100号，靠近人民公园、上海博物馆。地下1层为临展厅，地上1层是序厅，地上1层和2层之间的M层为文创区、阅览区和咖啡馆，地上2、3、4层分别为“人文之城”“创新之城”和“生态之城”展区，5楼设多媒体展示厅。	','http://20.89.130.136:8080/images/上海城市规划馆.jpg','http://www.quanjingke.com/jq/m/408'),(19,'滨江大道','位于上海市浦东新区，1997年建成，全长2500米，从泰东路沿黄浦江一直到东昌路，与浦西外滩隔江相望，是集观光、绿化、交通及服务设施为一体的沿江景观工程。它由亲水平台、坡地绿化、半地下厢体及景观道路等组成，被人们赞誉为浦东的新外滩。','http://20.89.130.136:8080/images/滨江大道.jpg','http://www.quanjingke.com/jq/m/55'),(20,'上海迪士尼乐园','上海迪士尼乐园，位于上海市浦东新区川沙镇黄赵路310号，于2016年6月16日正式开园，是中国内地首座迪士尼主题乐园，也是中国规模最大的现代服务业中外合作项目之一，是一座具有纯正迪士尼风格并融汇了中国风的主题乐园。上海迪士尼乐园占地1.16平方公里，主题园区分为米奇大街、奇想花园、探险岛、宝藏湾、明日世界、梦幻世界、迪士尼·皮克斯玩具总动员。拥有迪士尼城堡、漫威英雄总部、巴斯光年星际营救等游乐项目。2020年游客量达到550万人次。 2017年，包含上海迪士尼乐园在内的上海迪士尼度假区获“2016—2017年度中国建设工程鲁班奖”。 2020年3月24日，第十一届中国最佳文化旅游大奖榜单发布，上海迪士尼乐园荣获“年度最佳文化旅游大奖”。很久以前，华特迪士尼公司创始人华特迪士尼先生梦想建造出比普通游乐园更令人流连忘返的场所。“那时两个女儿还小，一般星期六是父亲日，我会带她们去坐旋转木马，到处玩耍。我坐在旁边看时，突然有个想法，我觉得应该建造一个能让父母和子女共度欢乐时光的场所。最终这个想法促成了迪士尼乐园的诞生。但一切始于一位爸爸冥思苦想应该带两个女儿到哪里玩耍，才能一起享受快乐时光。因此，迪士尼乐园诞生于60多年前，致力于让人们回归纯真，感受快乐，分享难忘经历。如今，上海迪士尼度假区以新颖特别的方式延续着这种精神，打造了“探险岛”、“宝藏湾” 和“奇想花园”等全新的主题园区，以及众多独一无二的游乐项目和体验。包括全球迪士尼主题乐园中最大的城堡。华特迪士尼公司的梦想在上海迪士尼度假区延续，欣欣向荣。与任何其他迪士尼产业有所不同的是，上海迪士尼度假区提供独特的、具有中国特色的体验，为形形色色的游客而设计。一切都始于华特先生的想法：建造“一个供父母与子女一起玩乐的家庭乐园。”','http://20.89.130.136:8080/images/上海迪士尼乐园.jpg','暂无网址'),(21,'静安寺','静安寺，又称静安古寺，位于上海市静安区，其历史相传最早可追溯至三国孙吴赤乌十年（247年），初名沪渎重玄寺。宋大中祥符元年（1008年），更名静安寺。南宋嘉定九年（1216年），寺从吴淞江畔迁入境内芦浦沸井浜边（今南京西路），早于上海建城。静安寺总建筑面积达2.2万平方米，整个庙宇形成前寺后塔的格局，由大雄宝殿、天王殿、三圣殿三座主要建筑构成，是上海最古老的佛寺。寺内藏有八大山人名画、文征明真迹《琵琶行》行草长卷。静安区亦由静安寺而闻名于世。静安寺的建筑风格是仿明代以前的建筑风格，典型的代表就是斗拱的形制。','http://20.89.130.136:8080/images/静安寺.jpg','https://www.shjas.net/'),(22,'松江清真寺','又名松江真教寺，是上海地区历史最早的清真寺，坐落于松江区，最初创建于元朝（1206——1368）至正年间（1341-1368），因为当时该地区的地方长官就是一位穆斯林。1391年明朝（1368-1644）时，政府下令重建，随后又经过三次扩建，清朝时经过四次整修，所以它至今仍旧保持元、明时期清真寺的风格。<br />\n该清真寺座南朝北，门内有中国传统建筑照壁，上面写着“清真寺”。原寺的四周都是穆斯林的墓地。其建筑风格既保持阿拉伯圆柱拱顶形状，又有中国明清建筑风貌。主体建筑有大殿、窑殿、穿廊，另外有南、北讲堂、邦克门以及水房等，其中窑殿和邦克门两处最具该寺建筑特色。寺内还保存着历代碑刻四块。<br />\n1980年8月26日，上海市人民政府确定松江清真寺为文物保护单位。1985年着手对该寺大修，并列为上海市重点文物保护单位。1989年对外开放。<br />\n松江清真寺是上海地区最古老的伊斯兰教寺院，始建于元朝至正年间。是一座融合中国宫殿式古典风格和阿拉伯建筑风格的伊斯兰教寺院。寺东侧为邦克门楼，又名宣礼塔，是为穆斯林前来礼拜用的。屋面十字脊，内壁为砖拱球顶，下辟门洞为出入道口，这是典型的阿拉伯建筑。西侧为礼拜大殿，是明代建筑，古色古香，与玲珑剔透的邦克门楼相对称。','http://20.89.130.136:8080/images/松江清真寺.jpg','暂无网址'),(23,'佘山天主教堂','佘山进教之佑圣母大殿：也称佘山天主堂、佘山圣母大教堂、远东圣母大殿，位于上海市松江区佘山山顶，为中国天主教著名的圣母朝圣地，与法国罗德圣母大殿齐名。因奉圣母“进教之佑”为主保而得名。','http://20.89.130.136:8080/images/佘山天主教堂.jpg','暂无网址'),(24,'思贤公园','公园充分体现了“绿”、“清”、“活”三大主题，园内满目仓翠，湖广绿影。园内环廊尖塔、高山流水、临水平台、水中睡莲等景观形成景中之景。游人徜徉其间，美不胜收。思贤公园是新城区居民最为集中的休闲活动中心之一。','http://20.89.130.136:8080/images/思贤公园.jpg','暂无网址'),(25,'醉白池公园','松江醉白池位于上海松江区人民南路，占地5公顷，与上海豫园、嘉定古漪园、秋霞圃、青浦曲水园并称为上海五大古典园林，也是五大园林中最古老的园林。<br />\n现醉白池已被扩建为为公园，其中现存园林部分为清顺治七年（公元1650年）工部主事顾大申在明代旧园遗址上所辟建。<br />\n醉白池历经300余年，仍保存有堂，轩，亭，舫，榭等古建筑，并保持着明清江南园林风貌，其曲栏横槛、回廊曲径，古色古香。<br />\n园林布局以一泓池水为中心，环池三面皆为曲廊亭榭，晴雨均可凭栏赏景。园内古木葱笼，亭台密布，古迹甚多，有四面厅、乐天轩、疑肪、雪海堂、宝成楼、池上草堂等亭台楼阁及邦彦画像石刻、历史艺术碑廊、“十鹿九回头”石刻、《赤壁赋》真迹石刻、《难得糊涂》石刻等艺术瑰宝，还有树龄在三四百年的古银杏、古樟树，年龄在百年以上的牡丹。其曲栏横槛、回廊曲径，古色古香。醉白池是上海地区五大古典园林中最古老的园林。','http://20.89.130.136:8080/images/醉白池公园.jpg','暂无网址'),(26,'鲁迅故居','鲁迅故居位于上海市山阴路132弄9号，是一幢红砖红瓦的3层楼房，为一代文化巨匠1933年至1936年逝世前居住和工作的寓所。这是一幢红砖红瓦的3层楼建筑、底层围墙内有个小天井，鲁迅先生曾在这个辟作花园的天井内，亲手种植了桃树、紫荆花、夹竹桃等植物，底层前面一大间是会客室，中间撂一张棕黑色的长方形西式餐桌、周围有5把椅子，西墙放着书橱、手摇留声机及翟秋自谱住于此时的工作台，底层后面是餐室，放着1张广漆的八仙桌，4把镂花圆椅，酉墙角是双层碗橱和4只圆凳，东墙有个旧衣帽架。二楼南面1间是鲁迅卧室兼工作室。靠东筋是张普通的黑铣床，床南是书橱和藤椅，床对面依次放着梳妆台、茶几、藤椅和大衣橱。糊着半透明彩花纸的南窗下，是先生的书桌，上面放着纸、墨、笔、砚和台灯，陶制的龟形笔插中便插着那枝廉价但却是鲁迅先生曾用来写了数百篇杂文的“金不换”毛笔。书桌旁有一张藤椅，是鲁迅先生坐着思考、休息的地方。房间里窗边的日历和梳妆台上的时钟，永远标记着那故人们世代纪念的时刻――鲁迅先生于1936年10月19日凌晨5时25分，在这里与世长辞。','http://20.89.130.136:8080/images/鲁迅故居.jpg','暂无网址'),(27,'宋庆龄故居纪念馆','上海宋庆龄故居纪念馆（Soong Qing ling memorial residence in Shanghai），位于上海市徐汇区淮海中路1843号，1981年10月揭牌建馆，1988年5月起向社会公众开放，是中华人民共和国名誉主席、孙中山先生的夫人——宋庆龄女士一生中居住时间最长的地方，是依据宋庆龄生前在上海居住的寓所原址而建立的人文类纪念馆','http://20.89.130.136:8080/images/宋庆龄故居纪念馆.jpg','暂无网址'),(28,'龙华烈士陵园','上海是中国共产党的诞生地和初心始发地、社会主义建设的重要阵地、改革开放的前沿阵地，是共产党人逐梦开始的地方。作为上海最大的红色革命纪念地，龙华烈士陵园建筑的艺术特点是主题、主轴线、立体建筑的融合，以及“过去”、“现在”、“未来”的交替。红岩石广场入口、园名牌坊、香樟林、纪念甬道、纪念碑广场、纪念馆、无名烈士墓、龙华革命烈士纪念地等一系列建筑井然有序地坐落在陵园的南北主轴线上。南门入口处的红岩石，以其特定的思想意蕴点出了陵园的人文主题；纪念碑广场是陵园的瞻仰中心；纪念馆以四层素色花岗石阶梯与金字塔型的蓝色玻璃幕墙和谐组合，于庄严凝重中透出明朗开阔的意境……这些建筑成功地营造出陵园独特的纪念氛围。','http://20.89.130.136:8080/images/龙华烈士陵园.jpg','https://www.slmmm.com/360/vtourshiwai/index.html'),(29,'世博园','2010年上海世博会场地位于南浦大桥和卢浦大桥之间，沿着上海城区黄浦江两岸进行布局。世博园区规划用地范围为5.28平方公里，园内分为5大场馆群组成，分别是独立馆群、联合馆群、企业馆群、主题馆群和中国馆群。','http://20.89.130.136:8080/images/世博园.jpg','暂无网址'),(30,'上海美术馆','上海美术馆是一所公益性社会文化事业机构。原址坐落于繁华的南京西路，背靠人民广场与上海博物馆、上海大剧院、上海城市规划展示馆、人民公园毗邻，是一座功能健全、设施先进、在国内外具有一定影响的近现代美术博物馆。','http://20.89.130.136:8080/images/上海美术馆.jpg','暂无网址'),(31,'上海图书馆','上海图书馆（Shanghai Library）位于上海市徐汇区淮海中路，是上海市综合性研究型公共图书馆和行业情报中心，也是全国文化信息资源共享工程上海市分中心、文化部公共文化研究基地，是首批国家重点古籍保护单位。','http://20.89.130.136:8080/images/上海图书馆.jpg','https://www.library.sh.cn/'),(32,'M50创意园','M50创意园位于,上海市普陀区莫干山路。M50创意园的原身为上海春明粗纺厂，于2000年起开始转型为艺术创意园区。2011年7月，上海春明粗纺厂更名为上海M50文化创意产业发展有限公司，园区占地面积约36亩。从2008年开始，上海纺织集团时尚事业部和M50创意园的管理层对于M50的品牌建设提出了创新理念，即，从主体到客体，从实体到载体，意在以M50创意园为基础，充分利用园区资源聚集的能力和汇集起来的资源，将M50放到一个更高的层面，作为一个以“艺术、创意、生活”为核心价值的品牌去打造。','http://20.89.130.136:8080/images/M50创意园.jpg','暂无网址'),(33,'上海影视乐园','上海影视乐园，又名车墩影视基地，位于上海市松江区车墩镇，始建于1992年，是以影视拍摄服务为主，兼具观光旅游、文化娱乐、休闲度假等功能的综合性旅游区 。上海影视乐园主要景点由南京路、石库门里弄群、马勒别墅等多余处影视拍摄景观组成，占地面积80万平方米，是以民国时期文化为背景的仿古建筑群。上海影视乐园为国家AAAA级旅游景区  ，是中国十大影视基地之一 。在上海影视乐园取景的有电视剧《情深深雨濛濛》《麻雀》、电影《建党伟业》《功夫》等作品 。','http://20.89.130.136:8080/images/上海影视乐园.jpg','暂无网址'),(34,'海湾旅游区','奉贤海湾旅游区地处上海市南端，面临东海，距市中心40公里，13.7公里长的海岸线横亘东西。丰富的滨海旅游资源和清新的自然环境为海湾旅游区发展休闲度假旅游业创造了条件，成为上海东进南下城市发展战略中的一个重要组成部分。','http://20.89.130.136:8080/images/海湾旅游区.jpg','暂无网址'),(35,'锦江乐园','锦江乐园是中国上海第一家大型现代化游乐园，占地面积170亩，共有40项游乐项目，适合各种年龄游客游玩，每年接待游客100万人次左右。','http://20.89.130.136:8080/images/锦江乐园.jpg','暂无网址');
/*!40000 ALTER TABLE `sites` ENABLE KEYS */;
UNLOCK TABLES;

--
-- Table structure for table `sites_tags`
--

DROP TABLE IF EXISTS `sites_tags`;
/*!40101 SET @saved_cs_client     = @@character_set_client */;
/*!50503 SET character_set_client = utf8mb4 */;
CREATE TABLE `sites_tags` (
  `sid` int DEFAULT NULL,
  `tagid` int DEFAULT NULL,
  `level` float DEFAULT NULL
) ENGINE=InnoDB DEFAULT CHARSET=utf8mb4 COLLATE=utf8mb4_0900_ai_ci;
/*!40101 SET character_set_client = @saved_cs_client */;

--
-- Dumping data for table `sites_tags`
--

LOCK TABLES `sites_tags` WRITE;
/*!40000 ALTER TABLE `sites_tags` DISABLE KEYS */;
INSERT INTO `sites_tags` VALUES (1,3,NULL),(1,5,NULL),(2,1,NULL),(2,3,NULL),(3,2,NULL),(3,5,NULL),(4,5,NULL),(5,3,NULL),(5,5,NULL),(6,1,NULL),(6,3,NULL),(7,3,NULL),(7,5,NULL),(8,1,NULL),(8,4,NULL),(9,2,NULL),(9,4,NULL),(10,2,NULL),(10,4,NULL),(11,1,NULL),(11,2,NULL),(11,4,NULL),(12,2,NULL),(12,4,NULL),(13,2,NULL),(13,4,NULL),(14,3,NULL),(14,1,NULL),(15,3,NULL),(15,5,NULL),(16,2,NULL),(16,5,NULL),(17,3,NULL),(17,1,NULL),(18,1,NULL),(18,3,NULL),(19,2,NULL),(19,5,NULL),(20,5,NULL),(21,3,NULL),(22,3,NULL),(23,3,NULL),(24,2,NULL),(25,2,NULL),(26,1,NULL),(27,1,NULL),(28,1,NULL),(29,3,NULL),(29,4,NULL),(30,4,NULL),(30,5,NULL),(31,3,NULL),(31,5,NULL),(32,4,NULL),(33,5,NULL),(34,2,NULL),(35,5,NULL);
/*!40000 ALTER TABLE `sites_tags` ENABLE KEYS */;
UNLOCK TABLES;

--
-- Table structure for table `summary`
--

DROP TABLE IF EXISTS `summary`;
/*!40101 SET @saved_cs_client     = @@character_set_client */;
/*!50503 SET character_set_client = utf8mb4 */;
CREATE TABLE `summary` (
  `tag` int DEFAULT NULL,
  `summary` text
) ENGINE=InnoDB DEFAULT CHARSET=utf8mb4 COLLATE=utf8mb4_0900_ai_ci;
/*!40101 SET character_set_client = @saved_cs_client */;

--
-- Dumping data for table `summary`
--

LOCK TABLES `summary` WRITE;
/*!40000 ALTER TABLE `summary` DISABLE KEYS */;
INSERT INTO `summary` VALUES (1,'今天我们隆重举行了以红色团日为主题的团日活动，这是一次意义深远、难忘的活动。通过此次活动，我们深入了解了党的历史和红色文化，加深了对共产主义思想和中国特色社会主义的理解和认识，进一步增强了团员同志的集体意识和责任感。'),(2,'今天，我们开展了以自然观光为主题的团日活动，这是一次意义深远、难忘的活动。通过此次活动，我们不仅欣赏了大自然的壮丽景色，还深入了解了自然保护和环保意识，进一步增强了团员同志的环保意识和责任感。'),(3,'今天，我们开展了以人文博览为主题的团日活动，这是一次令人难忘的活动。通过此次活动，我们深入了解了人文艺术的魅力，感受到了文化交流的重要性，进一步增强了团员同志的文化素养和国际视野。'),(4,'今天，我们开展了以现代风光为主题的团日活动，这是一次令人振奋的活动。通过此次活动，我们欣赏了现代城市的美景，感受到了城市化进程的变化，进一步增强了团员同志的城市意识和创新精神。'),(5,'今天，我们开展了以青春游玩为主题的团日活动，这是一次充满活力和激情的活动。通过此次活动，我们放松了身心，放飞了心灵，收获了友谊和快乐，进一步增强了团员同志的凝聚力和向心力。');
/*!40000 ALTER TABLE `summary` ENABLE KEYS */;
UNLOCK TABLES;

--
-- Table structure for table `tags`
--

DROP TABLE IF EXISTS `tags`;
/*!40101 SET @saved_cs_client     = @@character_set_client */;
/*!50503 SET character_set_client = utf8mb4 */;
CREATE TABLE `tags` (
  `tagid` int DEFAULT NULL,
  `name` text
) ENGINE=InnoDB DEFAULT CHARSET=utf8mb4 COLLATE=utf8mb4_0900_ai_ci;
/*!40101 SET character_set_client = @saved_cs_client */;

--
-- Dumping data for table `tags`
--

LOCK TABLES `tags` WRITE;
/*!40000 ALTER TABLE `tags` DISABLE KEYS */;
INSERT INTO `tags` VALUES (1,'红色团日'),(2,'自然观光'),(3,'人文博览'),(4,'现代风光'),(5,'青春游玩');
/*!40000 ALTER TABLE `tags` ENABLE KEYS */;
UNLOCK TABLES;

--
-- Table structure for table `users`
--

DROP TABLE IF EXISTS `users`;
/*!40101 SET @saved_cs_client     = @@character_set_client */;
/*!50503 SET character_set_client = utf8mb4 */;
CREATE TABLE `users` (
  `name` text,
  `password` text,
  `email` text,
  `avatar` text,
  `createtime` datetime DEFAULT NULL
) ENGINE=InnoDB DEFAULT CHARSET=utf8mb4 COLLATE=utf8mb4_0900_ai_ci;
/*!40101 SET character_set_client = @saved_cs_client */;

--
-- Dumping data for table `users`
--

LOCK TABLES `users` WRITE;
/*!40000 ALTER TABLE `users` DISABLE KEYS */;
INSERT INTO `users` VALUES ('admin','123456','123123123','http://20.89.130.136:8080/images/1.jpg','2023-02-06 20:39:39'),('NP123','Abc12345678','38424@sina.com','http://20.89.130.136:8080/images/3.jpg','2023-02-06 20:54:09'),('测试用户','123456','38424@sina.com','http://20.89.130.136:8080/images/1675838784.jpg','2023-02-08 14:46:24'),('test','123456','38424@sina.com','1','2023-02-09 15:46:00'),('admin2','123456','38424@sina.com','http://20.89.130.136:8080/images/1675929224.jpg','2023-02-09 15:53:45'),('npneo','1','1','http://20.89.130.136:8080/images/1675929284.jpg','2023-02-09 15:54:45'),('zzz','123456','np123greatest@gmail.com','http://localhost:8080/images/1676188765.jpg','2023-02-12 15:59:26'),('user1','123456','38424@sina.com','http://localhost:8080/images/3.jpg','2023-02-06 20:39:39'),('user2','123456','38424@sina.com','http://localhost:8080/images/3.jpg','2023-02-06 20:39:39'),('user3','123456','38424@sina.com','http://localhost:8080/images/3.jpg','2023-02-06 20:39:39'),('user4','123456','38424@sina.com','http://localhost:8080/images/3.jpg','2023-02-06 20:39:39'),('user5','123456','38424@sina.com','http://localhost:8080/images/3.jpg','2023-02-06 20:39:39'),('user6','123456','38424@sina.com','http://localhost:8080/images/3.jpg','2023-02-06 20:39:39'),('user7','123456','38424@sina.com','http://localhost:8080/images/3.jpg','2023-02-06 20:39:39'),('user8','123456','38424@sina.com','http://localhost:8080/images/3.jpg','2023-02-06 20:39:39'),('user9','123456','38424@sina.com','http://localhost:8080/images/3.jpg','2023-02-06 20:39:39'),('user10','123456','38424@sina.com','http://localhost:8080/images/3.jpg','2023-02-06 20:39:39'),('user11','123456','38424@sina.com','http://localhost:8080/images/3.jpg','2023-02-06 20:39:39'),('user12','123456','38424@sina.com','http://localhost:8080/images/3.jpg','2023-02-06 20:39:39'),('user13','123456','38424@sina.com','http://localhost:8080/images/3.jpg','2023-02-06 20:39:39'),('user14','123456','38424@sina.com','http://localhost:8080/images/3.jpg','2023-02-06 20:39:39'),('user15','123456','38424@sina.com','http://localhost:8080/images/3.jpg','2023-02-06 20:39:39'),('user16','123456','38424@sina.com','http://localhost:8080/images/3.jpg','2023-02-06 20:39:39'),('user17','123456','38424@sina.com','http://localhost:8080/images/3.jpg','2023-02-06 20:39:39'),('user18','123456','38424@sina.com','http://localhost:8080/images/3.jpg','2023-02-06 20:39:39'),('user19','123456','38424@sina.com','http://localhost:8080/images/3.jpg','2023-02-06 20:39:39'),('user20','123456','38424@sina.com','http://localhost:8080/images/3.jpg','2023-02-06 20:39:39'),('user21','123456','38424@sina.com','http://localhost:8080/images/3.jpg','2023-02-06 20:39:39'),('user22','123456','38424@sina.com','http://localhost:8080/images/3.jpg','2023-02-06 20:39:39'),('user23','123456','38424@sina.com','http://localhost:8080/images/3.jpg','2023-02-06 20:39:39'),('user24','123456','38424@sina.com','http://localhost:8080/images/3.jpg','2023-02-06 20:39:39'),('user25','123456','38424@sina.com','http://localhost:8080/images/3.jpg','2023-02-06 20:39:39'),('user26','123456','38424@sina.com','http://localhost:8080/images/3.jpg','2023-02-06 20:39:39'),('user27','123456','38424@sina.com','http://localhost:8080/images/3.jpg','2023-02-06 20:39:39'),('user28','123456','38424@sina.com','http://localhost:8080/images/3.jpg','2023-02-06 20:39:39'),('user29','123456','38424@sina.com','http://localhost:8080/images/3.jpg','2023-02-06 20:39:39'),('user30','123456','38424@sina.com','http://localhost:8080/images/3.jpg','2023-02-06 20:39:39'),('user31','123456','38424@sina.com','http://localhost:8080/images/3.jpg','2023-02-06 20:39:39'),('user32','123456','38424@sina.com','http://localhost:8080/images/3.jpg','2023-02-06 20:39:39'),('user33','123456','38424@sina.com','http://localhost:8080/images/3.jpg','2023-02-06 20:39:39'),('user34','123456','38424@sina.com','http://localhost:8080/images/3.jpg','2023-02-06 20:39:39'),('user35','123456','38424@sina.com','http://localhost:8080/images/3.jpg','2023-02-06 20:39:39');
/*!40000 ALTER TABLE `users` ENABLE KEYS */;
UNLOCK TABLES;
/*!40103 SET TIME_ZONE=@OLD_TIME_ZONE */;

/*!40101 SET SQL_MODE=@OLD_SQL_MODE */;
/*!40014 SET FOREIGN_KEY_CHECKS=@OLD_FOREIGN_KEY_CHECKS */;
/*!40014 SET UNIQUE_CHECKS=@OLD_UNIQUE_CHECKS */;
/*!40101 SET CHARACTER_SET_CLIENT=@OLD_CHARACTER_SET_CLIENT */;
/*!40101 SET CHARACTER_SET_RESULTS=@OLD_CHARACTER_SET_RESULTS */;
/*!40101 SET COLLATION_CONNECTION=@OLD_COLLATION_CONNECTION */;
/*!40111 SET SQL_NOTES=@OLD_SQL_NOTES */;

-- Dump completed on 2023-03-31  0:09:12
